Time,org_x,org_y,org_z,xvec_x,xvec_y,xvec_z,zvec_x,zvec_y,zvec_z
0.000000,-0.091681,0.515433,0.651117,-0.078664,0.467422,0.621432,-0.068817,0.470710,0.679410
0.010000,-0.091832,0.515503,0.651112,-0.078836,0.467502,0.621415,-0.068930,0.470774,0.679378
0.020000,-0.091992,0.515577,0.651118,-0.078992,0.467609,0.621400,-0.069050,0.470843,0.679370
0.030000,-0.092179,0.515686,0.651139,-0.079175,0.467691,0.621407,-0.069186,0.470970,0.679369
0.040000,-0.092349,0.515776,0.651171,-0.079335,0.467791,0.621414,-0.068995,0.471276,0.679477
0.050000,-0.092515,0.515871,0.651218,-0.079502,0.467896,0.621447,-0.069467,0.471161,0.679386
0.060000,-0.092690,0.515963,0.651267,-0.079658,0.467974,0.621485,-0.069282,0.471457,0.679532
0.070000,-0.092850,0.516042,0.651322,-0.079815,0.468063,0.621537,-0.069431,0.471523,0.679580
0.080000,-0.093010,0.516109,0.651384,-0.079956,0.468130,0.621609,-0.069568,0.471608,0.679641
0.090000,-0.093159,0.516168,0.651448,-0.080077,0.468181,0.621674,-0.069705,0.471657,0.679704
0.100000,-0.093284,0.516186,0.651526,-0.080183,0.468244,0.621744,-0.070151,0.471500,0.679675
0.110000,-0.093394,0.516197,0.651614,-0.080278,0.468249,0.621816,-0.069915,0.471731,0.679875
0.120000,-0.093479,0.516186,0.651687,-0.080345,0.468262,0.621898,-0.070001,0.471720,0.679947
0.130000,-0.093548,0.516166,0.651777,-0.080393,0.468231,0.621994,-0.070077,0.471703,0.680040
0.140000,-0.093603,0.516138,0.651857,-0.080436,0.468206,0.622077,-0.070138,0.471663,0.680130
0.150000,-0.093617,0.516098,0.651954,-0.080462,0.468161,0.622176,-0.070512,0.471436,0.680112
0.160000,-0.093641,0.516029,0.652048,-0.080480,0.468089,0.622271,-0.070241,0.471557,0.680325
0.170000,-0.093646,0.515967,0.652135,-0.080486,0.468026,0.622366,-0.070284,0.471496,0.680437
0.180000,-0.093652,0.515902,0.652224,-0.080494,0.467937,0.622480,-0.070323,0.471442,0.680547
0.190000,-0.093668,0.515843,0.652323,-0.080506,0.467873,0.622583,-0.070697,0.471189,0.680550
0.200000,-0.093688,0.515785,0.652418,-0.080509,0.467774,0.622716,-0.070426,0.471313,0.680782
0.210000,-0.093721,0.515740,0.652516,-0.080525,0.467696,0.622854,-0.070489,0.471268,0.680897
0.220000,-0.093761,0.515717,0.652609,-0.080550,0.467658,0.622977,-0.070561,0.471244,0.681023
0.230000,-0.093821,0.515702,0.652714,-0.080604,0.467638,0.623113,-0.070664,0.471227,0.681167
0.240000,-0.093896,0.515703,0.652823,-0.080669,0.467639,0.623243,-0.070773,0.471235,0.681325
0.250000,-0.094008,0.515733,0.652950,-0.080753,0.467637,0.623379,-0.070891,0.471260,0.681464
0.260000,-0.094145,0.515752,0.653079,-0.080845,0.467682,0.623506,-0.071043,0.471283,0.681621
0.270000,-0.094285,0.515802,0.653193,-0.080940,0.467695,0.623664,-0.071526,0.471120,0.681675
0.280000,-0.094443,0.515828,0.653317,-0.081054,0.467767,0.623796,-0.071669,0.471179,0.681829
0.290000,-0.094591,0.515883,0.653440,-0.081165,0.467836,0.623943,-0.071823,0.471230,0.681964
0.300000,-0.094744,0.515941,0.653568,-0.081290,0.467905,0.624083,-0.071978,0.471288,0.682133
0.310000,-0.094904,0.515990,0.653709,-0.081398,0.467979,0.624236,-0.072124,0.471367,0.682284
0.320000,-0.095047,0.516049,0.653846,-0.081517,0.468013,0.624397,-0.071932,0.471660,0.682555
0.330000,-0.095191,0.516100,0.653994,-0.081626,0.468058,0.624550,-0.072404,0.471516,0.682589
0.340000,-0.095312,0.516141,0.654133,-0.081715,0.468109,0.624698,-0.072538,0.471560,0.682739
0.350000,-0.095422,0.516182,0.654276,-0.081796,0.468159,0.624847,-0.072664,0.471626,0.682888
0.360000,-0.095519,0.516217,0.654447,-0.081868,0.468193,0.624984,-0.072769,0.471639,0.683035
0.370000,-0.095616,0.516249,0.654598,-0.081928,0.468221,0.625127,-0.072869,0.471646,0.683179
0.380000,-0.095692,0.516266,0.654749,-0.081982,0.468246,0.625279,-0.072960,0.471673,0.683328
0.390000,-0.095780,0.516279,0.654903,-0.082033,0.468264,0.625417,-0.073052,0.471693,0.683475
0.400000,-0.095843,0.516302,0.655054,-0.082094,0.468279,0.625574,-0.073127,0.471724,0.683647
0.410000,-0.095914,0.516329,0.655207,-0.082135,0.468318,0.625708,-0.073195,0.471752,0.683806
0.420000,-0.095963,0.516346,0.655363,-0.082207,0.468332,0.625879,-0.073265,0.471756,0.683973
0.430000,-0.096010,0.516380,0.655515,-0.082240,0.468364,0.626013,-0.073311,0.471795,0.684116
0.440000,-0.096057,0.516400,0.655656,-0.082278,0.468413,0.626136,-0.073366,0.471809,0.684251
0.450000,-0.096101,0.516437,0.655793,-0.082318,0.468446,0.626248,-0.073074,0.472038,0.684493
0.460000,-0.096147,0.516481,0.655902,-0.082366,0.468497,0.626373,-0.073125,0.472064,0.684591
0.470000,-0.096199,0.516523,0.656010,-0.082408,0.468535,0.626458,-0.073170,0.472080,0.684668
0.480000,-0.096254,0.516562,0.656098,-0.082469,0.468592,0.626543,-0.073216,0.472109,0.684743
0.490000,-0.096315,0.516606,0.656186,-0.082521,0.468637,0.626607,-0.073260,0.472121,0.684795
0.500000,-0.096377,0.516655,0.656261,-0.082601,0.468730,0.626642,-0.073302,0.472154,0.684838
0.510000,-0.096431,0.516692,0.656319,-0.082666,0.468777,0.626683,-0.073355,0.472176,0.684866
0.520000,-0.096492,0.516719,0.656377,-0.082727,0.468829,0.626708,-0.073393,0.472199,0.684885
0.530000,-0.096547,0.516759,0.656413,-0.082794,0.468881,0.626714,-0.073426,0.472201,0.684896
0.540000,-0.096609,0.516774,0.656444,-0.082856,0.468915,0.626716,-0.073456,0.472215,0.684894
0.550000,-0.096649,0.516813,0.656461,-0.082926,0.468947,0.626700,-0.073477,0.472241,0.684877
0.560000,-0.096699,0.516834,0.656460,-0.082977,0.468983,0.626674,-0.073499,0.472260,0.684847
0.570000,-0.096735,0.516852,0.656450,-0.083030,0.469001,0.626641,-0.073517,0.472262,0.684811
0.580000,-0.096762,0.516858,0.656426,-0.083074,0.469009,0.626587,-0.073529,0.472268,0.684752
0.590000,-0.096788,0.516861,0.656388,-0.083111,0.469021,0.626540,-0.073535,0.472266,0.684704
0.600000,-0.096809,0.516842,0.656336,-0.083135,0.469014,0.626492,-0.073537,0.472272,0.684660
0.610000,-0.096803,0.516833,0.656288,-0.083150,0.469010,0.626441,-0.073532,0.472251,0.684593
0.620000,-0.096797,0.516813,0.656238,-0.083147,0.468994,0.626375,-0.073509,0.472241,0.684540
0.630000,-0.096777,0.516795,0.656168,-0.083139,0.468972,0.626320,-0.073495,0.472226,0.684477
0.640000,-0.096752,0.516773,0.656104,-0.083120,0.468936,0.626261,-0.073483,0.472190,0.684395
0.650000,-0.096720,0.516740,0.656029,-0.083090,0.468937,0.626182,-0.073469,0.472157,0.684327
0.660000,-0.096686,0.516719,0.655957,-0.083064,0.468888,0.626089,-0.073443,0.472131,0.684251
0.670000,-0.096634,0.516691,0.655869,-0.083026,0.468845,0.626018,-0.073413,0.472113,0.684187
0.680000,-0.096593,0.516660,0.655790,-0.082948,0.468812,0.625941,-0.073377,0.472081,0.684119
0.690000,-0.096533,0.516612,0.655695,-0.082905,0.468764,0.625873,-0.073657,0.471876,0.683934
0.700000,-0.096469,0.516582,0.655601,-0.082839,0.468724,0.625788,-0.073617,0.471835,0.683857
0.710000,-0.096416,0.516547,0.655492,-0.082774,0.468694,0.625687,-0.073252,0.471977,0.683881
0.720000,-0.096349,0.516509,0.655380,-0.082722,0.468633,0.625595,-0.073519,0.471748,0.683656
0.730000,-0.096296,0.516476,0.655264,-0.082657,0.468605,0.625479,-0.073460,0.471726,0.683562
0.740000,-0.096240,0.516460,0.655161,-0.082613,0.468572,0.625389,-0.073089,0.471907,0.683571
0.750000,-0.096193,0.516447,0.655050,-0.082574,0.468540,0.625288,-0.073371,0.471709,0.683345
0.760000,-0.096143,0.516434,0.654939,-0.082533,0.468519,0.625200,-0.073007,0.471875,0.683364
0.770000,-0.096095,0.516425,0.654828,-0.082499,0.468510,0.625104,-0.072966,0.471877,0.683268
0.780000,-0.096064,0.516425,0.654719,-0.082469,0.468490,0.625009,-0.072928,0.471878,0.683168
0.790000,-0.096028,0.516414,0.654598,-0.082447,0.468473,0.624913,-0.072887,0.471882,0.683065
0.800000,-0.096001,0.516408,0.654478,-0.082423,0.468464,0.624820,-0.072855,0.471895,0.682960
0.810000,-0.095984,0.516400,0.654360,-0.082384,0.468439,0.624721,-0.072822,0.471914,0.682877
0.820000,-0.095943,0.516404,0.654237,-0.082365,0.468436,0.624626,-0.072787,0.471930,0.682776
0.830000,-0.095917,0.516395,0.654138,-0.082336,0.468437,0.624528,-0.072758,0.471942,0.682680
0.840000,-0.095890,0.516386,0.654046,-0.082311,0.468424,0.624452,-0.072729,0.471953,0.682595
0.850000,-0.095843,0.516359,0.653956,-0.082286,0.468402,0.624370,-0.072707,0.471925,0.682491
0.860000,-0.095802,0.516328,0.653856,-0.082250,0.468364,0.624291,-0.072664,0.471917,0.682416
0.870000,-0.095755,0.516299,0.653786,-0.082217,0.468333,0.624221,-0.072624,0.471893,0.682338
0.880000,-0.095709,0.516258,0.653705,-0.082159,0.468265,0.624145,-0.072892,0.471679,0.682152
0.890000,-0.095653,0.516206,0.653635,-0.082115,0.468207,0.624074,-0.072537,0.471816,0.682186
0.900000,-0.095588,0.516169,0.653558,-0.082073,0.468168,0.624011,-0.072491,0.471753,0.682125
0.910000,-0.095538,0.516112,0.653490,-0.082024,0.468126,0.623919,-0.072448,0.471706,0.682056
0.920000,-0.095482,0.516065,0.653432,-0.081985,0.468081,0.623868,-0.072402,0.471654,0.682002
0.930000,-0.095428,0.516026,0.653373,-0.081945,0.468027,0.623807,-0.072362,0.471612,0.681947
0.940000,-0.095385,0.515988,0.653306,-0.081915,0.467978,0.623750,-0.072330,0.471565,0.681890
0.950000,-0.095347,0.515950,0.653255,-0.081893,0.467937,0.623703,-0.072306,0.471502,0.681844
0.960000,-0.095319,0.515906,0.653211,-0.081869,0.467888,0.623645,-0.072601,0.471273,0.681690
0.970000,-0.095292,0.515871,0.653166,-0.081865,0.467865,0.623601,-0.072239,0.471397,0.681739
0.980000,-0.095281,0.515847,0.653122,-0.081867,0.467832,0.623550,-0.072230,0.471372,0.681693
0.990000,-0.095275,0.515825,0.653084,-0.081869,0.467806,0.623504,-0.072223,0.471358,0.681635
1.000000,-0.095271,0.515815,0.653042,-0.081889,0.467798,0.623456,-0.072224,0.471336,0.681582
1.010000,-0.095292,0.515807,0.653003,-0.081919,0.467787,0.623403,-0.072230,0.471321,0.681530
1.020000,-0.095311,0.515803,0.652953,-0.081955,0.467787,0.623346,-0.072258,0.471293,0.681457
1.030000,-0.095360,0.515806,0.652905,-0.081996,0.467802,0.623276,-0.072279,0.471311,0.681380
1.040000,-0.095399,0.515808,0.652847,-0.082052,0.467854,0.623182,-0.072321,0.471343,0.681315
1.050000,-0.095453,0.515824,0.652765,-0.082106,0.467870,0.623108,-0.072350,0.471366,0.681221
1.060000,-0.095513,0.515836,0.652676,-0.082177,0.467883,0.622993,-0.072388,0.471386,0.681128
1.070000,-0.095569,0.515852,0.652588,-0.082247,0.467931,0.622889,-0.072418,0.471394,0.681025
1.080000,-0.095629,0.515884,0.652496,-0.082317,0.467965,0.622785,-0.072786,0.471207,0.680797
1.090000,-0.095682,0.515898,0.652399,-0.082378,0.467984,0.622681,-0.072813,0.471209,0.680683
1.100000,-0.095715,0.515907,0.652314,-0.082422,0.467987,0.622582,-0.072823,0.471217,0.680563
1.110000,-0.095735,0.515932,0.652235,-0.082462,0.468001,0.622491,-0.072821,0.471207,0.680461
1.120000,-0.095732,0.515932,0.652164,-0.082487,0.468018,0.622405,-0.072800,0.471187,0.680374
1.130000,-0.095707,0.515909,0.652115,-0.082477,0.467994,0.622332,-0.072771,0.471152,0.680296
1.140000,-0.095670,0.515882,0.652063,-0.082462,0.467955,0.622264,-0.072725,0.471121,0.680222
1.150000,-0.095616,0.515834,0.652008,-0.082437,0.467913,0.622201,-0.072679,0.471081,0.680157
1.160000,-0.095550,0.515777,0.651941,-0.082394,0.467858,0.622143,-0.072615,0.471025,0.680092
1.170000,-0.095478,0.515717,0.651887,-0.082343,0.467808,0.622080,-0.072556,0.470968,0.680035
1.180000,-0.095395,0.515678,0.651837,-0.082296,0.467737,0.622034,-0.072482,0.470888,0.679999
1.190000,-0.095324,0.515595,0.651787,-0.082227,0.467671,0.621994,-0.072092,0.470982,0.680063
1.200000,-0.095245,0.515532,0.651749,-0.082159,0.467578,0.621971,-0.072032,0.470910,0.680036
1.210000,-0.095161,0.515450,0.651731,-0.082083,0.467498,0.621953,-0.071964,0.470835,0.680011
1.220000,-0.095075,0.515382,0.651706,-0.082018,0.467408,0.621925,-0.071909,0.470762,0.680002
1.230000,-0.095008,0.515319,0.651684,-0.081946,0.467332,0.621907,-0.071856,0.470685,0.679986
1.240000,-0.094928,0.515264,0.651656,-0.081888,0.467255,0.621889,-0.071824,0.470632,0.679976
1.250000,-0.094879,0.515208,0.651628,-0.081839,0.467205,0.621882,-0.071798,0.470572,0.679964
1.260000,-0.094832,0.515155,0.651600,-0.081803,0.467140,0.621861,-0.071780,0.470521,0.679959
1.270000,-0.094813,0.515129,0.651566,-0.081757,0.467089,0.621845,-0.071776,0.470483,0.679948
1.280000,-0.094795,0.515102,0.651534,-0.081764,0.467059,0.621837,-0.071786,0.470465,0.679931
1.290000,-0.094796,0.515076,0.651509,-0.081738,0.467032,0.621815,-0.071794,0.470454,0.679919
1.300000,-0.094811,0.515079,0.651488,-0.081759,0.466993,0.621810,-0.071821,0.470443,0.679915
1.310000,-0.094823,0.515070,0.651463,-0.081758,0.466990,0.621795,-0.071849,0.470448,0.679915
1.320000,-0.094849,0.515065,0.651443,-0.081766,0.466972,0.621790,-0.071894,0.470449,0.679917
1.330000,-0.094879,0.515062,0.651421,-0.081809,0.466979,0.621787,-0.071926,0.470450,0.679923
1.340000,-0.094910,0.515070,0.651401,-0.081828,0.466965,0.621788,-0.071972,0.470456,0.679920
1.350000,-0.094952,0.515065,0.651387,-0.081844,0.466965,0.621787,-0.072025,0.470465,0.679925
1.360000,-0.094994,0.515064,0.651367,-0.081880,0.466956,0.621784,-0.072066,0.470485,0.679925
1.370000,-0.095033,0.515072,0.651365,-0.081897,0.466947,0.621790,-0.072117,0.470490,0.679939
1.380000,-0.095079,0.515084,0.651370,-0.081921,0.466949,0.621806,-0.072173,0.470494,0.679959
1.390000,-0.095111,0.515078,0.651373,-0.081943,0.466944,0.621826,-0.072230,0.470517,0.679985
1.400000,-0.095140,0.515069,0.651381,-0.081965,0.466935,0.621847,-0.072275,0.470508,0.680018
1.410000,-0.095165,0.515055,0.651393,-0.081975,0.466929,0.621870,-0.072308,0.470516,0.680043
1.420000,-0.095189,0.515039,0.651415,-0.081974,0.466916,0.621914,-0.072346,0.470507,0.680089
1.430000,-0.095197,0.515028,0.651433,-0.081980,0.466881,0.621955,-0.072376,0.470500,0.680128
1.440000,-0.095209,0.515013,0.651457,-0.081980,0.466862,0.621996,-0.072410,0.470483,0.680173
1.450000,-0.095217,0.514988,0.651490,-0.081978,0.466837,0.622041,-0.072441,0.470467,0.680230
1.460000,-0.095229,0.514969,0.651521,-0.081968,0.466781,0.622127,-0.072480,0.470468,0.680280
1.470000,-0.095239,0.514954,0.651553,-0.081971,0.466771,0.622178,-0.072512,0.470461,0.680342
1.480000,-0.095246,0.514947,0.651589,-0.081969,0.466754,0.622245,-0.072546,0.470445,0.680407
1.490000,-0.095266,0.514936,0.651638,-0.081971,0.466702,0.622312,-0.072585,0.470446,0.680471
1.500000,-0.095277,0.514918,0.651685,-0.081978,0.466693,0.622371,-0.072627,0.470426,0.680542
1.510000,-0.095292,0.514905,0.651731,-0.081981,0.466655,0.622443,-0.072664,0.470415,0.680606
1.520000,-0.095300,0.514889,0.651791,-0.081995,0.466649,0.622514,-0.072710,0.470397,0.680683
1.530000,-0.095321,0.514877,0.651851,-0.082001,0.466632,0.622588,-0.072739,0.470363,0.680770
1.540000,-0.095332,0.514867,0.651917,-0.082016,0.466619,0.622667,-0.072787,0.470359,0.680845
1.550000,-0.095365,0.514865,0.651976,-0.082032,0.466619,0.622742,-0.072824,0.470355,0.680923
1.560000,-0.095400,0.514852,0.652036,-0.082067,0.466616,0.622812,-0.072891,0.470336,0.681011
1.570000,-0.095438,0.514857,0.652098,-0.082092,0.466619,0.622886,-0.072950,0.470348,0.681095
1.580000,-0.095487,0.514852,0.652171,-0.082127,0.466612,0.622954,-0.073009,0.470341,0.681174
1.590000,-0.095533,0.514854,0.652236,-0.082159,0.466596,0.623043,-0.073071,0.470363,0.681238
1.600000,-0.095579,0.514859,0.652296,-0.082182,0.466614,0.623111,-0.073463,0.470173,0.681208
1.610000,-0.095624,0.514871,0.652339,-0.082210,0.466618,0.623180,-0.073521,0.470219,0.681267
1.620000,-0.095679,0.514884,0.652381,-0.082242,0.466615,0.623227,-0.073573,0.470246,0.681318
1.630000,-0.095722,0.514899,0.652409,-0.082271,0.466630,0.623268,-0.073629,0.470256,0.681360
1.640000,-0.095762,0.514889,0.652413,-0.082298,0.466638,0.623294,-0.073670,0.470283,0.681402
1.650000,-0.095796,0.514908,0.652424,-0.082320,0.466630,0.623316,-0.073716,0.470292,0.681431
1.660000,-0.095820,0.514911,0.652432,-0.082346,0.466628,0.623327,-0.073722,0.470341,0.681451
1.670000,-0.095836,0.514906,0.652427,-0.082357,0.466620,0.623333,-0.073775,0.470291,0.681451
1.680000,-0.095843,0.514910,0.652412,-0.082363,0.466608,0.623338,-0.073782,0.470290,0.681450
1.690000,-0.095850,0.514901,0.652380,-0.082366,0.466592,0.623323,-0.073796,0.470300,0.681432
1.700000,-0.095850,0.514887,0.652352,-0.082375,0.466572,0.623296,-0.073808,0.470296,0.681409
1.710000,-0.095855,0.514870,0.652291,-0.082376,0.466555,0.623257,-0.073818,0.470270,0.681368
1.720000,-0.095851,0.514857,0.652221,-0.082385,0.466545,0.623198,-0.073838,0.470262,0.681304
1.730000,-0.095863,0.514853,0.652144,-0.082401,0.466512,0.623139,-0.073829,0.470258,0.681229
1.740000,-0.095870,0.514844,0.652053,-0.082415,0.466505,0.623055,-0.073829,0.470257,0.681149
1.750000,-0.095882,0.514837,0.651950,-0.082435,0.466482,0.622963,-0.073844,0.470256,0.681055
1.760000,-0.095896,0.514838,0.651837,-0.082456,0.466482,0.622845,-0.073857,0.470260,0.680940
1.770000,-0.095927,0.514828,0.651697,-0.082490,0.466467,0.622728,-0.073849,0.470288,0.680805
1.780000,-0.095962,0.514803,0.651563,-0.082534,0.466455,0.622604,-0.073851,0.470303,0.680681
1.790000,-0.095995,0.514803,0.651438,-0.082567,0.466449,0.622461,-0.073838,0.470319,0.680548
1.800000,-0.096021,0.514818,0.651308,-0.082609,0.466450,0.622324,-0.073816,0.470344,0.680402
1.810000,-0.096029,0.514850,0.651181,-0.082643,0.466461,0.622168,-0.073782,0.470356,0.680274
1.820000,-0.096039,0.514846,0.651075,-0.082683,0.466497,0.621989,-0.073753,0.470354,0.680113
1.830000,-0.096026,0.514835,0.650958,-0.082701,0.466484,0.621845,-0.073712,0.470347,0.679963
1.840000,-0.095995,0.514822,0.650820,-0.082708,0.466482,0.621695,-0.073339,0.470509,0.679910
1.850000,-0.095960,0.514808,0.650689,-0.082703,0.466467,0.621549,-0.073621,0.470256,0.679628
1.860000,-0.095920,0.514787,0.650545,-0.082702,0.466445,0.621399,-0.073562,0.470221,0.679455
1.870000,-0.095877,0.514775,0.650403,-0.082689,0.466415,0.621233,-0.073495,0.470153,0.679264
1.880000,-0.095838,0.514748,0.650274,-0.082678,0.466398,0.621080,-0.073409,0.470121,0.679087
1.890000,-0.095783,0.514722,0.650144,-0.082656,0.466385,0.620930,-0.073332,0.470094,0.678914
1.900000,-0.095717,0.514681,0.650002,-0.082624,0.466373,0.620770,-0.073238,0.470074,0.678760
1.910000,-0.095656,0.514636,0.649882,-0.082594,0.466364,0.620624,-0.072820,0.470223,0.678712
1.920000,-0.095577,0.514625,0.649761,-0.082571,0.466335,0.620486,-0.072734,0.470186,0.678574
1.930000,-0.095504,0.514587,0.649650,-0.082539,0.466306,0.620348,-0.072654,0.470160,0.678438
1.940000,-0.095446,0.514547,0.649528,-0.082515,0.466273,0.620199,-0.072555,0.470096,0.678270
1.950000,-0.095379,0.514525,0.649412,-0.082470,0.466239,0.620041,-0.072483,0.470062,0.678136
1.960000,-0.095316,0.514495,0.649277,-0.082442,0.466202,0.619883,-0.072403,0.470033,0.677971
1.970000,-0.095256,0.514486,0.649143,-0.082420,0.466179,0.619740,-0.072341,0.469973,0.677812
1.980000,-0.095205,0.514461,0.649010,-0.082402,0.466166,0.619594,-0.072294,0.469946,0.677663
1.990000,-0.095150,0.514460,0.648873,-0.082371,0.466154,0.619442,-0.072240,0.469918,0.677515
2.000000,-0.095116,0.514437,0.648728,-0.082351,0.466124,0.619306,-0.072187,0.469909,0.677364
2.010000,-0.095080,0.514419,0.648581,-0.082322,0.466125,0.619146,-0.072127,0.469907,0.677205
2.020000,-0.095053,0.514391,0.648416,-0.082299,0.466100,0.618996,-0.072079,0.469889,0.677044
2.030000,-0.095018,0.514363,0.648248,-0.082287,0.466062,0.618833,-0.072048,0.469858,0.676872
2.040000,-0.094983,0.514338,0.648070,-0.082261,0.466038,0.618680,-0.072020,0.469839,0.676708
2.050000,-0.094963,0.514316,0.647913,-0.082258,0.466020,0.618524,-0.071976,0.469838,0.676547
2.060000,-0.094946,0.514299,0.647766,-0.082229,0.465998,0.618382,-0.071962,0.469830,0.676413
2.070000,-0.094930,0.514290,0.647642,-0.082201,0.465987,0.618259,-0.071934,0.469828,0.676306
2.080000,-0.094906,0.514292,0.647552,-0.082174,0.465977,0.618182,-0.071930,0.469826,0.676228
2.090000,-0.094883,0.514294,0.647515,-0.082108,0.465970,0.618188,-0.071947,0.469837,0.676245
2.100000,-0.094854,0.514315,0.647582,-0.081980,0.465983,0.618306,-0.071995,0.469885,0.676387
2.110000,-0.094825,0.514353,0.647709,-0.081797,0.465989,0.618553,-0.072076,0.469968,0.676651
2.120000,-0.094794,0.514401,0.647879,-0.081581,0.465990,0.618865,-0.072181,0.470060,0.677033
2.130000,-0.094740,0.514443,0.648090,-0.081334,0.465955,0.619230,-0.072330,0.470122,0.677453
2.140000,-0.094699,0.514472,0.648343,-0.081064,0.465912,0.619689,-0.072453,0.470243,0.677965
2.150000,-0.094648,0.514500,0.648644,-0.080781,0.465924,0.620193,-0.072942,0.470177,0.678390
2.160000,-0.094594,0.514525,0.648977,-0.080481,0.465852,0.620755,-0.073109,0.470281,0.678998
2.170000,-0.094527,0.514542,0.649360,-0.080161,0.465773,0.621388,-0.073270,0.470410,0.679704
2.180000,-0.094445,0.514551,0.649786,-0.079863,0.465701,0.622058,-0.073410,0.470531,0.680381
2.190000,-0.094409,0.514469,0.650198,-0.079520,0.465699,0.622748,-0.073601,0.470602,0.681098
2.200000,-0.094315,0.514475,0.650714,-0.079170,0.465621,0.623525,-0.073728,0.470732,0.681921
2.210000,-0.094209,0.514495,0.651287,-0.078837,0.465587,0.624284,-0.073928,0.470813,0.682747
2.220000,-0.094110,0.514499,0.651858,-0.078453,0.465551,0.625149,-0.074140,0.470837,0.683609
2.230000,-0.094017,0.514493,0.652455,-0.078083,0.465521,0.626050,-0.074338,0.471007,0.684554
2.240000,-0.093870,0.514583,0.653220,-0.077695,0.465452,0.627057,-0.074536,0.471096,0.685572
2.250000,-0.093813,0.514559,0.654002,-0.077259,0.465473,0.628164,-0.074839,0.471244,0.686734
2.260000,-0.093683,0.514634,0.654851,-0.076853,0.465363,0.629339,-0.075075,0.471349,0.687841
2.270000,-0.093565,0.514638,0.655712,-0.076446,0.465331,0.630551,-0.075157,0.471549,0.689266
2.280000,-0.093446,0.514638,0.656602,-0.075989,0.465251,0.631828,-0.075716,0.471551,0.690349
2.290000,-0.093320,0.514695,0.657679,-0.075515,0.465181,0.633224,-0.075834,0.471691,0.691921
2.300000,-0.093197,0.514732,0.658749,-0.075024,0.465139,0.634741,-0.076280,0.471807,0.693343
2.310000,-0.093125,0.514738,0.659973,-0.074540,0.465059,0.636336,-0.076687,0.471927,0.694965
2.320000,-0.093008,0.514764,0.661238,-0.074041,0.465002,0.638092,-0.077235,0.472027,0.696631
2.330000,-0.092867,0.514801,0.662567,-0.073590,0.464966,0.639967,-0.077756,0.472122,0.698390
2.340000,-0.092757,0.514773,0.663992,-0.073121,0.464921,0.641884,-0.078310,0.472244,0.700255
2.350000,-0.092795,0.514612,0.665572,-0.072652,0.464844,0.643972,-0.078924,0.472327,0.702196
2.360000,-0.092785,0.514723,0.667430,-0.072246,0.464801,0.646229,-0.079653,0.472346,0.704272
2.370000,-0.092875,0.514785,0.669375,-0.071854,0.464840,0.648747,-0.080522,0.472448,0.706560
2.380000,-0.093041,0.514837,0.671515,-0.071457,0.464918,0.651478,-0.081564,0.472644,0.709071
2.390000,-0.093313,0.514979,0.673854,-0.071166,0.465021,0.654417,-0.082667,0.472779,0.711755
2.400000,-0.093604,0.515101,0.676340,-0.070946,0.465177,0.657539,-0.083952,0.472940,0.714489
2.410000,-0.094046,0.515200,0.678933,-0.070786,0.465336,0.660793,-0.085371,0.473138,0.717344
2.420000,-0.094539,0.515333,0.681607,-0.070722,0.465442,0.664178,-0.086863,0.473315,0.720308
2.430000,-0.095113,0.515487,0.684339,-0.070748,0.465610,0.667639,-0.088478,0.473492,0.723224
2.440000,-0.095788,0.515632,0.687134,-0.070876,0.465801,0.671176,-0.090206,0.473666,0.726265
2.450000,-0.096646,0.515776,0.689995,-0.071153,0.465968,0.674866,-0.092044,0.473835,0.729288
2.460000,-0.097617,0.515972,0.692960,-0.071538,0.466189,0.678610,-0.094035,0.473947,0.732422
2.470000,-0.098687,0.516188,0.695922,-0.072091,0.466426,0.682448,-0.096212,0.474158,0.735458
2.480000,-0.099912,0.516365,0.698892,-0.072711,0.466746,0.686242,-0.098488,0.474364,0.738539
2.490000,-0.101240,0.516568,0.701901,-0.073456,0.466995,0.690082,-0.100825,0.474725,0.741562
2.500000,-0.102579,0.516795,0.704901,-0.074293,0.467306,0.693898,-0.103270,0.474988,0.744555
2.510000,-0.104083,0.516902,0.707859,-0.075257,0.467542,0.697626,-0.105467,0.475639,0.747374
2.520000,-0.105569,0.517070,0.710885,-0.076535,0.467587,0.701498,-0.107913,0.475761,0.750301
2.530000,-0.107178,0.517116,0.713887,-0.077624,0.467771,0.705202,-0.110381,0.475806,0.753135
2.540000,-0.108807,0.517197,0.716848,-0.078828,0.467943,0.708912,-0.112879,0.475831,0.755977
2.550000,-0.110437,0.517136,0.719789,-0.080096,0.468020,0.712569,-0.115324,0.475740,0.758728
2.560000,-0.112040,0.517086,0.722654,-0.081365,0.468095,0.716009,-0.117757,0.475682,0.761372
2.570000,-0.113629,0.516964,0.725455,-0.082327,0.468384,0.719545,-0.120192,0.475417,0.763924
2.580000,-0.115208,0.516793,0.728247,-0.083752,0.468277,0.722912,-0.122768,0.474734,0.766138
2.590000,-0.116918,0.516550,0.730998,-0.085229,0.468010,0.726302,-0.125592,0.473890,0.768755
2.600000,-0.118589,0.516297,0.733793,-0.086719,0.467802,0.729566,-0.128075,0.473503,0.771225
2.610000,-0.120387,0.516041,0.736584,-0.088325,0.467633,0.732892,-0.130627,0.473113,0.773578
2.620000,-0.122217,0.515761,0.739345,-0.089993,0.467411,0.736191,-0.133205,0.472642,0.775990
2.630000,-0.124048,0.515459,0.742004,-0.091629,0.467133,0.739329,-0.135889,0.472052,0.778511
2.640000,-0.125833,0.515171,0.744539,-0.093305,0.466905,0.742353,-0.138168,0.471745,0.780408
2.650000,-0.127621,0.514832,0.746899,-0.094948,0.466615,0.745214,-0.140699,0.471096,0.782690
2.660000,-0.129309,0.514512,0.749222,-0.096556,0.466349,0.747910,-0.143001,0.470726,0.784650
2.670000,-0.130967,0.514181,0.751430,-0.098112,0.466088,0.750541,-0.145164,0.470229,0.786522
2.680000,-0.132579,0.513803,0.753490,-0.099635,0.465714,0.753012,-0.147264,0.469775,0.788277
2.690000,-0.134119,0.513469,0.755505,-0.101098,0.465379,0.755342,-0.149298,0.469287,0.789898
2.700000,-0.135610,0.513062,0.757416,-0.102494,0.465103,0.757539,-0.150988,0.468458,0.790823
2.710000,-0.136992,0.512708,0.759181,-0.103904,0.464751,0.759606,-0.152975,0.467885,0.792503
2.720000,-0.138406,0.512371,0.760815,-0.105225,0.464440,0.761515,-0.154585,0.467538,0.793581
2.730000,-0.139761,0.512097,0.762342,-0.106510,0.464211,0.763302,-0.156275,0.467137,0.794769
2.740000,-0.141096,0.511748,0.763755,-0.107805,0.463984,0.765002,-0.157868,0.466717,0.795875
2.750000,-0.142331,0.511602,0.765107,-0.108995,0.463806,0.766587,-0.159394,0.466369,0.796936
2.760000,-0.143554,0.511352,0.766314,-0.110133,0.463566,0.768019,-0.161033,0.466070,0.798211
2.770000,-0.144620,0.511137,0.767527,-0.111191,0.463407,0.769418,-0.162181,0.465776,0.798846
2.780000,-0.145642,0.510866,0.768631,-0.112198,0.463172,0.770716,-0.163411,0.465420,0.799702
2.790000,-0.146564,0.510624,0.769647,-0.113107,0.462937,0.771877,-0.164560,0.465152,0.800521
2.800000,-0.147455,0.510356,0.770609,-0.113958,0.462745,0.773072,-0.165623,0.464784,0.801246
2.810000,-0.148266,0.510134,0.771601,-0.114759,0.462530,0.774074,-0.166655,0.464543,0.802011
2.820000,-0.149054,0.509887,0.772487,-0.115554,0.462265,0.775140,-0.167594,0.464209,0.802689
2.830000,-0.149721,0.509651,0.773350,-0.116248,0.462033,0.776116,-0.168484,0.463965,0.803382
2.840000,-0.150344,0.509381,0.774138,-0.116901,0.461725,0.777004,-0.169264,0.463648,0.804026
2.850000,-0.150915,0.509141,0.774942,-0.117446,0.461485,0.777828,-0.169964,0.463324,0.804577
2.860000,-0.151356,0.508946,0.775573,-0.117977,0.461222,0.778576,-0.170607,0.463057,0.805103
2.870000,-0.151790,0.508750,0.776230,-0.118372,0.461014,0.779179,-0.171142,0.462810,0.805597
2.880000,-0.152188,0.508540,0.776801,-0.118789,0.460841,0.779755,-0.171576,0.462566,0.806021
2.890000,-0.152533,0.508351,0.777333,-0.119088,0.460717,0.780265,-0.171910,0.462321,0.806401
2.900000,-0.152779,0.508192,0.777751,-0.119327,0.460550,0.780681,-0.172201,0.462093,0.806777
2.910000,-0.152996,0.508076,0.778192,-0.119606,0.460350,0.781044,-0.172463,0.461912,0.807118
2.920000,-0.153230,0.507953,0.778594,-0.119817,0.460228,0.781358,-0.172716,0.461790,0.807437
2.930000,-0.153455,0.507883,0.778941,-0.119967,0.460173,0.781646,-0.172903,0.461665,0.807686
2.940000,-0.153589,0.507820,0.779202,-0.120081,0.460121,0.781906,-0.173039,0.461558,0.807940
2.950000,-0.153627,0.507728,0.779420,-0.120131,0.460043,0.782114,-0.173086,0.461460,0.808131
2.960000,-0.153581,0.507641,0.779631,-0.120150,0.459930,0.782296,-0.173095,0.461337,0.808311
2.970000,-0.153589,0.507512,0.779826,-0.120158,0.459820,0.782471,-0.173115,0.461233,0.808469
2.980000,-0.153607,0.507439,0.779999,-0.120200,0.459747,0.782644,-0.173163,0.461174,0.808617
2.990000,-0.153618,0.507402,0.780129,-0.120258,0.459686,0.782790,-0.173183,0.461152,0.808723
3.000000,-0.153589,0.507388,0.780179,-0.120237,0.459672,0.782861,-0.173160,0.461158,0.808794
3.010000,-0.153502,0.507375,0.780195,-0.120113,0.459689,0.782858,-0.173074,0.461181,0.808835
3.020000,-0.153379,0.507338,0.780210,-0.120019,0.459637,0.782858,-0.172975,0.461178,0.808859
3.030000,-0.153318,0.507317,0.780227,-0.119977,0.459599,0.782868,-0.172929,0.461176,0.808891
3.040000,-0.153313,0.507328,0.780257,-0.119967,0.459604,0.782907,-0.172924,0.461173,0.808921
3.050000,-0.153338,0.507347,0.780285,-0.119979,0.459627,0.782959,-0.172933,0.461189,0.808954
3.060000,-0.153333,0.507366,0.780301,-0.119965,0.459668,0.782966,-0.172908,0.461216,0.808985
3.070000,-0.153275,0.507357,0.780326,-0.119908,0.459671,0.782960,-0.172824,0.461228,0.809021
3.080000,-0.153157,0.507334,0.780356,-0.119821,0.459605,0.782935,-0.172709,0.461188,0.809041
3.090000,-0.153077,0.507317,0.780387,-0.119746,0.459560,0.782909,-0.172609,0.461164,0.809072
3.100000,-0.153051,0.507321,0.780400,-0.119717,0.459573,0.782892,-0.172550,0.461156,0.809086
3.110000,-0.153064,0.507367,0.780383,-0.119713,0.459647,0.782862,-0.172532,0.461201,0.809084
3.120000,-0.153086,0.507421,0.780351,-0.119702,0.459725,0.782839,-0.172518,0.461251,0.809080
3.130000,-0.153075,0.507459,0.780316,-0.119685,0.459778,0.782807,-0.172493,0.461299,0.809075
3.140000,-0.153052,0.507469,0.780301,-0.119648,0.459785,0.782780,-0.172450,0.461333,0.809068
3.150000,-0.153011,0.507482,0.780317,-0.119648,0.459774,0.782777,-0.172427,0.461332,0.809072
3.160000,-0.152995,0.507500,0.780324,-0.119631,0.459787,0.782759,-0.172418,0.461349,0.809074
3.170000,-0.152983,0.507542,0.780317,-0.119598,0.459841,0.782727,-0.172391,0.461367,0.809075
3.180000,-0.152971,0.507590,0.780271,-0.119557,0.459919,0.782655,-0.172328,0.461448,0.809052
3.190000,-0.152895,0.507691,0.780178,-0.119478,0.460005,0.782540,-0.172200,0.461517,0.809023
3.200000,-0.152742,0.507759,0.780077,-0.119311,0.460085,0.782343,-0.171979,0.461574,0.808943
3.210000,-0.152527,0.507810,0.779956,-0.119125,0.460124,0.782129,-0.171681,0.461587,0.808845
3.220000,-0.152320,0.507861,0.779840,-0.118925,0.460160,0.781893,-0.171367,0.461577,0.808737
3.230000,-0.152120,0.507933,0.779689,-0.118692,0.460254,0.781626,-0.171065,0.461628,0.808613
3.240000,-0.151930,0.508034,0.779483,-0.118459,0.460387,0.781338,-0.170737,0.461685,0.808449
3.250000,-0.151694,0.508187,0.779205,-0.118195,0.460525,0.780995,-0.170368,0.461825,0.808310
3.260000,-0.151367,0.508343,0.778930,-0.117846,0.460681,0.780592,-0.169905,0.461980,0.808141
3.270000,-0.150943,0.508478,0.778595,-0.117359,0.460853,0.780086,-0.169310,0.462108,0.807893
3.280000,-0.150330,0.508594,0.778213,-0.116821,0.460954,0.779510,-0.168570,0.462232,0.807613
3.290000,-0.149665,0.508701,0.777770,-0.116140,0.460997,0.778803,-0.167697,0.462333,0.807277
3.300000,-0.148999,0.508787,0.777299,-0.115483,0.461055,0.778009,-0.166781,0.462431,0.806943
3.310000,-0.148315,0.508953,0.776783,-0.114802,0.461252,0.777172,-0.165819,0.462528,0.806536
3.320000,-0.147669,0.509163,0.776153,-0.114056,0.461539,0.776240,-0.164838,0.462716,0.806042
3.330000,-0.146973,0.509420,0.775418,-0.113323,0.461842,0.775215,-0.163781,0.462966,0.805555
3.340000,-0.146053,0.509714,0.774642,-0.112368,0.462164,0.774026,-0.162485,0.463308,0.804975
3.350000,-0.144906,0.510022,0.773705,-0.111178,0.462491,0.772629,-0.161008,0.463475,0.804518
3.360000,-0.143434,0.510255,0.772585,-0.109773,0.462729,0.770988,-0.159052,0.463766,0.803701
3.370000,-0.141685,0.510426,0.771364,-0.108145,0.462833,0.769125,-0.156777,0.463944,0.802772
3.380000,-0.139704,0.510610,0.769996,-0.106323,0.462929,0.767030,-0.154144,0.464194,0.801394
3.390000,-0.137709,0.510693,0.768485,-0.104478,0.462992,0.764775,-0.151544,0.464388,0.800187
3.400000,-0.135611,0.510908,0.766871,-0.102579,0.463069,0.762372,-0.148857,0.464621,0.798838
3.410000,-0.133487,0.511085,0.765085,-0.100661,0.463243,0.759842,-0.146263,0.465087,0.797992
3.420000,-0.131318,0.511296,0.763129,-0.098709,0.463391,0.757116,-0.143395,0.465292,0.796285
3.430000,-0.129060,0.511508,0.760958,-0.096685,0.463559,0.754252,-0.140447,0.465570,0.794417
3.440000,-0.126742,0.511750,0.758595,-0.094611,0.463764,0.751109,-0.137426,0.465883,0.792345
3.450000,-0.124381,0.512031,0.755945,-0.092626,0.463965,0.747777,-0.134153,0.466382,0.789750
3.460000,-0.122006,0.512369,0.753066,-0.090570,0.464155,0.744282,-0.130676,0.467385,0.787102
3.470000,-0.119638,0.512656,0.749986,-0.088577,0.464387,0.740627,-0.127628,0.467855,0.784397
3.480000,-0.117379,0.512932,0.746719,-0.086662,0.464569,0.736854,-0.124574,0.468213,0.781595
3.490000,-0.115196,0.513224,0.743437,-0.084872,0.464744,0.733056,-0.121822,0.467970,0.778865
3.500000,-0.113134,0.513435,0.740128,-0.083510,0.464588,0.729224,-0.118548,0.469725,0.776203
3.510000,-0.111130,0.513670,0.736841,-0.081984,0.464633,0.725429,-0.115813,0.470024,0.773231
3.520000,-0.109221,0.513847,0.733582,-0.080507,0.464707,0.721665,-0.113240,0.470318,0.770242
3.530000,-0.107452,0.513971,0.730276,-0.079097,0.464724,0.717902,-0.110636,0.470617,0.767172
3.540000,-0.105662,0.514089,0.726959,-0.077810,0.464680,0.714075,-0.108171,0.470864,0.764070
3.550000,-0.104000,0.514180,0.723600,-0.076571,0.464683,0.710251,-0.105624,0.470912,0.761118
3.560000,-0.102429,0.514282,0.720156,-0.075500,0.464602,0.706389,-0.103410,0.471228,0.757742
3.570000,-0.101014,0.514347,0.716732,-0.074292,0.464666,0.702439,-0.101206,0.471393,0.754457
3.580000,-0.099618,0.514438,0.713318,-0.073434,0.464713,0.698708,-0.099015,0.471576,0.751248
3.590000,-0.098345,0.514480,0.709934,-0.072670,0.464668,0.694972,-0.097063,0.471237,0.748095
3.600000,-0.097218,0.514438,0.706551,-0.071929,0.464565,0.691115,-0.095017,0.471314,0.744920
3.610000,-0.096008,0.514445,0.703258,-0.071280,0.464408,0.687376,-0.093040,0.471426,0.741622
3.620000,-0.094936,0.514380,0.699995,-0.070718,0.464213,0.683607,-0.091094,0.471454,0.738376
3.630000,-0.093978,0.514278,0.696715,-0.070240,0.464089,0.679891,-0.089308,0.471537,0.735074
3.640000,-0.093095,0.514206,0.693484,-0.069898,0.464005,0.676175,-0.087607,0.471603,0.731883
3.650000,-0.092345,0.514162,0.690304,-0.069588,0.463911,0.672574,-0.085980,0.471564,0.728658
3.660000,-0.091688,0.514111,0.687162,-0.069386,0.463765,0.669014,-0.084446,0.471652,0.725449
3.670000,-0.091133,0.514034,0.684090,-0.069239,0.463635,0.665545,-0.083000,0.471609,0.722265
3.680000,-0.090589,0.513937,0.681061,-0.069231,0.463486,0.662122,-0.081666,0.471611,0.719166
3.690000,-0.090112,0.513830,0.678110,-0.069241,0.463380,0.658767,-0.080366,0.471563,0.716093
3.700000,-0.089671,0.513702,0.675257,-0.069312,0.463182,0.655484,-0.079126,0.471453,0.713087
3.710000,-0.089265,0.513549,0.672451,-0.069428,0.462993,0.652292,-0.077947,0.471377,0.710056
3.720000,-0.088788,0.513635,0.669672,-0.069621,0.462828,0.649113,-0.076924,0.471223,0.707109
3.730000,-0.088664,0.513347,0.666958,-0.069860,0.462719,0.646031,-0.075952,0.471079,0.704156
3.740000,-0.088578,0.513256,0.664445,-0.070210,0.462619,0.643075,-0.075001,0.471002,0.701315
3.750000,-0.088483,0.513138,0.661956,-0.070525,0.462571,0.640193,-0.074184,0.470940,0.698553
3.760000,-0.088455,0.513101,0.659598,-0.070961,0.462526,0.637416,-0.073441,0.470800,0.695861
3.770000,-0.088434,0.513063,0.657355,-0.071378,0.462441,0.634808,-0.072780,0.470715,0.693295
3.780000,-0.088494,0.513052,0.655232,-0.071857,0.462444,0.632296,-0.072409,0.470636,0.690648
3.790000,-0.088590,0.513042,0.653226,-0.072369,0.462529,0.629909,-0.071877,0.470513,0.688270
3.800000,-0.088772,0.513076,0.651371,-0.072895,0.462604,0.627622,-0.071411,0.470489,0.686003
3.810000,-0.089041,0.513154,0.649614,-0.073515,0.462883,0.625432,-0.071010,0.470504,0.683853
3.820000,-0.089351,0.513265,0.648049,-0.074151,0.463083,0.623415,-0.070642,0.470514,0.681778
3.830000,-0.089630,0.513419,0.646592,-0.074833,0.463339,0.621487,-0.070380,0.470493,0.679795
3.840000,-0.089944,0.513513,0.645230,-0.075548,0.463655,0.619610,-0.070115,0.470418,0.677892
3.850000,-0.090238,0.513611,0.643925,-0.076210,0.463880,0.617847,-0.069860,0.470410,0.676070
3.860000,-0.090565,0.513677,0.642700,-0.076900,0.464099,0.616134,-0.069633,0.470320,0.674335
3.870000,-0.090833,0.513787,0.641547,-0.077626,0.464358,0.614521,-0.069502,0.470178,0.672624
3.880000,-0.091076,0.513946,0.640464,-0.078330,0.464559,0.612967,-0.069347,0.470066,0.670964
3.890000,-0.091413,0.513992,0.639382,-0.079048,0.464758,0.611508,-0.069188,0.470037,0.669402
3.900000,-0.091725,0.514093,0.638368,-0.079745,0.464978,0.610079,-0.069106,0.469937,0.667871
3.910000,-0.091990,0.514145,0.637400,-0.080448,0.465152,0.608727,-0.068631,0.470145,0.666418
3.920000,-0.092282,0.514182,0.636462,-0.081150,0.465435,0.607380,-0.068586,0.470050,0.665042
3.930000,-0.092548,0.514269,0.635587,-0.081802,0.465534,0.606163,-0.068555,0.469950,0.663601
3.940000,-0.092868,0.514267,0.634703,-0.082607,0.465425,0.605165,-0.068480,0.469859,0.662267
3.950000,-0.093118,0.514314,0.633901,-0.083113,0.465853,0.603837,-0.068467,0.469775,0.661001
3.960000,-0.093362,0.514339,0.633074,-0.083886,0.465711,0.602950,-0.068469,0.469677,0.659775
3.970000,-0.093586,0.514352,0.632310,-0.084477,0.465761,0.601962,-0.068465,0.469573,0.658586
3.980000,-0.093811,0.514369,0.631609,-0.085080,0.465953,0.600919,-0.068433,0.469531,0.657512
3.990000,-0.094061,0.514372,0.630943,-0.085684,0.465981,0.600020,-0.068469,0.469409,0.656416
4.000000,-0.094326,0.514390,0.630263,-0.086275,0.466102,0.599137,-0.068498,0.469381,0.655415
4.010000,-0.094654,0.514464,0.629610,-0.086903,0.466211,0.598238,-0.068597,0.469324,0.654365
4.020000,-0.094966,0.514451,0.628959,-0.087557,0.466396,0.597348,-0.068650,0.469270,0.653367
4.030000,-0.095223,0.514505,0.628373,-0.088189,0.466505,0.596540,-0.068724,0.469250,0.652396
4.040000,-0.095518,0.514496,0.627764,-0.088776,0.466601,0.595758,-0.068812,0.469180,0.651474
4.050000,-0.095757,0.514545,0.627248,-0.089374,0.466696,0.595074,-0.068906,0.469176,0.650634
4.060000,-0.096006,0.514625,0.626778,-0.089957,0.466851,0.594388,-0.069049,0.469107,0.649794
4.070000,-0.096364,0.514642,0.626250,-0.090476,0.467003,0.593702,-0.069171,0.469093,0.649004
4.080000,-0.096657,0.514726,0.625820,-0.091035,0.467147,0.593058,-0.069195,0.469233,0.648217
4.090000,-0.096935,0.514822,0.625387,-0.091628,0.467318,0.592485,-0.069358,0.469254,0.647462
4.100000,-0.097290,0.514857,0.624916,-0.092195,0.467426,0.591888,-0.069504,0.469274,0.646723
4.110000,-0.097561,0.514972,0.624511,-0.092718,0.467569,0.591339,-0.069682,0.469322,0.646024
4.120000,-0.097824,0.515080,0.624138,-0.093203,0.467711,0.590823,-0.069830,0.469353,0.645394
4.130000,-0.098095,0.515170,0.623792,-0.093666,0.467913,0.590315,-0.069840,0.469472,0.645011
4.140000,-0.098407,0.515195,0.623430,-0.094094,0.467998,0.589898,-0.070163,0.469402,0.644244
4.150000,-0.098649,0.515246,0.623169,-0.094513,0.468110,0.589553,-0.070319,0.469423,0.643792
4.160000,-0.098853,0.515334,0.622939,-0.094868,0.468227,0.589209,-0.070452,0.469480,0.643425
4.170000,-0.099066,0.515402,0.622753,-0.095166,0.468348,0.588952,-0.070595,0.469552,0.643099
4.180000,-0.099245,0.515484,0.622589,-0.095414,0.468425,0.588752,-0.070589,0.469708,0.643016
4.190000,-0.099409,0.515561,0.622472,-0.095646,0.468493,0.588579,-0.070716,0.469791,0.642812
4.200000,-0.099594,0.515585,0.622362,-0.095861,0.468610,0.588438,-0.070844,0.469810,0.642644
4.210000,-0.099761,0.515637,0.622287,-0.096003,0.468677,0.588369,-0.070964,0.469860,0.642557
4.220000,-0.099865,0.515688,0.622261,-0.096115,0.468716,0.588345,-0.071069,0.469911,0.642522
4.230000,-0.099960,0.515722,0.622270,-0.096174,0.468755,0.588357,-0.071163,0.469968,0.642556
4.240000,-0.100050,0.515741,0.622285,-0.096221,0.468760,0.588403,-0.071263,0.470003,0.642632
4.250000,-0.100123,0.515765,0.622331,-0.096230,0.468763,0.588489,-0.071350,0.470043,0.642734
4.260000,-0.100187,0.515781,0.622388,-0.096215,0.468761,0.588607,-0.071432,0.470091,0.642868
4.270000,-0.100253,0.515779,0.622456,-0.096193,0.468755,0.588740,-0.071497,0.470158,0.643064
4.280000,-0.100300,0.515783,0.622561,-0.096152,0.468755,0.588879,-0.071734,0.470115,0.643063
4.290000,-0.100313,0.515834,0.622721,-0.096100,0.468756,0.589030,-0.071810,0.470136,0.643264
4.300000,-0.100338,0.515850,0.622854,-0.096040,0.468750,0.589213,-0.071884,0.470160,0.643486
4.310000,-0.100373,0.515873,0.623003,-0.095966,0.468706,0.589401,-0.071962,0.470197,0.643732
4.320000,-0.100393,0.515911,0.623166,-0.095931,0.468712,0.589589,-0.072043,0.470259,0.643958
4.330000,-0.100470,0.515957,0.623313,-0.095910,0.468712,0.589790,-0.072112,0.470305,0.644174
4.340000,-0.100551,0.516009,0.623444,-0.095895,0.468730,0.589955,-0.072199,0.470379,0.644378
4.350000,-0.100637,0.516072,0.623561,-0.095901,0.468787,0.590124,-0.072289,0.470473,0.644570
4.360000,-0.100747,0.516117,0.623673,-0.095903,0.468812,0.590270,-0.072231,0.470645,0.644939
4.370000,-0.100841,0.516169,0.623792,-0.095925,0.468859,0.590414,-0.072454,0.470664,0.644916
4.380000,-0.100939,0.516212,0.623897,-0.095936,0.468904,0.590553,-0.072451,0.470669,0.645343
4.390000,-0.101047,0.516254,0.624000,-0.095958,0.468951,0.590688,-0.072751,0.470655,0.645305
4.400000,-0.101140,0.516297,0.624094,-0.095974,0.468999,0.590823,-0.072844,0.470748,0.645467
4.410000,-0.101229,0.516350,0.624200,-0.096002,0.469046,0.590948,-0.072943,0.470817,0.645612
4.420000,-0.101327,0.516408,0.624301,-0.096032,0.469101,0.591066,-0.073043,0.470882,0.645748
4.430000,-0.101419,0.516457,0.624411,-0.096088,0.469189,0.591177,-0.073146,0.470958,0.645884
4.440000,-0.101498,0.516518,0.624512,-0.096106,0.469231,0.591294,-0.073238,0.471040,0.646028
4.450000,-0.101553,0.516598,0.624658,-0.096127,0.469264,0.591409,-0.073319,0.471108,0.646182
4.460000,-0.101625,0.516631,0.624773,-0.096138,0.469290,0.591541,-0.073379,0.471149,0.646333
4.470000,-0.101669,0.516657,0.624894,-0.096131,0.469313,0.591678,-0.073438,0.471180,0.646504
4.480000,-0.101687,0.516668,0.625010,-0.096106,0.469329,0.591827,-0.073478,0.471194,0.646656
4.490000,-0.101693,0.516701,0.625130,-0.096051,0.469300,0.591984,-0.073507,0.471219,0.646816
4.500000,-0.101708,0.516719,0.625252,-0.096026,0.469310,0.592126,-0.073542,0.471226,0.646972
4.510000,-0.101740,0.516711,0.625364,-0.096008,0.469330,0.592260,-0.073566,0.471267,0.647135
4.520000,-0.101762,0.516728,0.625461,-0.095974,0.469312,0.592388,-0.073606,0.471297,0.647279
4.530000,-0.101805,0.516743,0.625543,-0.095968,0.469325,0.592489,-0.073646,0.471321,0.647403
4.540000,-0.101843,0.516766,0.625608,-0.095955,0.469328,0.592580,-0.073679,0.471364,0.647519
4.550000,-0.101876,0.516773,0.625649,-0.095938,0.469336,0.592649,-0.073691,0.471431,0.647623
4.560000,-0.101907,0.516770,0.625693,-0.095919,0.469347,0.592709,-0.073725,0.471467,0.647710
4.570000,-0.101927,0.516773,0.625725,-0.095894,0.469334,0.592774,-0.073742,0.471487,0.647784
4.580000,-0.101934,0.516781,0.625755,-0.095882,0.469324,0.592820,-0.073762,0.471508,0.647853
4.590000,-0.101938,0.516782,0.625780,-0.095838,0.469310,0.592869,-0.073783,0.471508,0.647914
4.600000,-0.101933,0.516783,0.625806,-0.095795,0.469298,0.592921,-0.073790,0.471534,0.647968
4.610000,-0.101928,0.516804,0.625833,-0.095757,0.469296,0.592988,-0.073792,0.471544,0.648035
4.620000,-0.101912,0.516812,0.625874,-0.095700,0.469312,0.593040,-0.073788,0.471579,0.648100
4.630000,-0.101892,0.516833,0.625912,-0.095648,0.469339,0.593091,-0.073780,0.471599,0.648176
4.640000,-0.101854,0.516852,0.625968,-0.095578,0.469344,0.593171,-0.073756,0.471626,0.648257
4.650000,-0.101813,0.516872,0.626031,-0.095500,0.469370,0.593239,-0.073723,0.471640,0.648344
4.660000,-0.101768,0.516893,0.626093,-0.095403,0.469388,0.593324,-0.073702,0.471668,0.648438
4.670000,-0.101693,0.516951,0.626194,-0.095307,0.469422,0.593411,-0.073674,0.471685,0.648530
4.680000,-0.101644,0.516956,0.626268,-0.095218,0.469453,0.593499,-0.073637,0.471720,0.648644
4.690000,-0.101603,0.516979,0.626344,-0.095133,0.469470,0.593585,-0.073634,0.471731,0.648743
4.700000,-0.101556,0.516996,0.626430,-0.095037,0.469479,0.593677,-0.073601,0.471746,0.648855
4.710000,-0.101475,0.517010,0.626544,-0.094945,0.469497,0.593776,-0.073572,0.471754,0.648977
4.720000,-0.101430,0.517016,0.626647,-0.094851,0.469505,0.593877,-0.073535,0.471778,0.649116
4.730000,-0.101369,0.517013,0.626750,-0.094732,0.469503,0.593986,-0.073504,0.471783,0.649274
4.740000,-0.101313,0.517011,0.626859,-0.094626,0.469491,0.594117,-0.073456,0.471787,0.649435
4.750000,-0.101262,0.516999,0.626954,-0.094509,0.469487,0.594235,-0.073393,0.471818,0.649605
4.760000,-0.101189,0.516993,0.627058,-0.094398,0.469476,0.594352,-0.073344,0.471792,0.649765
4.770000,-0.101119,0.516978,0.627157,-0.094291,0.469431,0.594478,-0.073316,0.471773,0.649904
4.780000,-0.101055,0.516950,0.627242,-0.094178,0.469414,0.594584,-0.073286,0.471738,0.650035
4.790000,-0.100984,0.516888,0.627333,-0.094076,0.469376,0.594695,-0.073255,0.471726,0.650164
4.800000,-0.100914,0.516864,0.627405,-0.093975,0.469345,0.594794,-0.073215,0.471687,0.650279
4.810000,-0.100840,0.516805,0.627478,-0.093854,0.469316,0.594892,-0.073166,0.471638,0.650397
4.820000,-0.100743,0.516809,0.627591,-0.093739,0.469276,0.595001,-0.073132,0.471597,0.650514
4.830000,-0.100664,0.516767,0.627682,-0.093610,0.469219,0.595105,-0.073088,0.471582,0.650647
4.840000,-0.100592,0.516743,0.627759,-0.093509,0.469200,0.595216,-0.073047,0.471583,0.650778
4.850000,-0.100533,0.516732,0.627851,-0.093383,0.469176,0.595321,-0.072998,0.471584,0.650911
4.860000,-0.100468,0.516726,0.627931,-0.093307,0.469169,0.595438,-0.072962,0.471574,0.651042
4.870000,-0.100394,0.516741,0.628028,-0.093212,0.469178,0.595535,-0.072925,0.471576,0.651158
4.880000,-0.100354,0.516733,0.628114,-0.093132,0.469170,0.595635,-0.072896,0.471594,0.651262
4.890000,-0.100301,0.516735,0.628179,-0.093051,0.469170,0.595736,-0.072842,0.471633,0.651401
4.900000,-0.100263,0.516748,0.628260,-0.092982,0.469182,0.595830,-0.072829,0.471640,0.651504
4.910000,-0.100240,0.516762,0.628347,-0.092906,0.469193,0.595931,-0.072812,0.471652,0.651606
4.920000,-0.100215,0.516791,0.628432,-0.092854,0.469215,0.596022,-0.072799,0.471683,0.651704
4.930000,-0.100201,0.516813,0.628515,-0.092821,0.469216,0.596145,-0.072804,0.471700,0.651818
4.940000,-0.100205,0.516834,0.628606,-0.092779,0.469235,0.596245,-0.072801,0.471722,0.651922
4.950000,-0.100200,0.516858,0.628705,-0.092733,0.469261,0.596353,-0.072797,0.471776,0.652042
4.960000,-0.100212,0.516878,0.628810,-0.092692,0.469303,0.596454,-0.072797,0.471790,0.652167
4.970000,-0.100191,0.516925,0.628953,-0.092636,0.469337,0.596572,-0.072790,0.471824,0.652281
4.980000,-0.100191,0.516937,0.629062,-0.092578,0.469359,0.596687,-0.072800,0.471863,0.652415
4.990000,-0.100183,0.516953,0.629177,-0.092519,0.469358,0.596807,-0.072786,0.471878,0.652551
5.000000,-0.100165,0.516949,0.629282,-0.092463,0.469373,0.596925,-0.072774,0.471893,0.652683
5.010000,-0.100145,0.516952,0.629393,-0.092383,0.469390,0.597042,-0.072753,0.471901,0.652833
5.020000,-0.100117,0.516945,0.629507,-0.092324,0.469385,0.597143,-0.072730,0.471904,0.652960
5.030000,-0.100106,0.516920,0.629584,-0.092255,0.469380,0.597248,-0.072691,0.471936,0.653098
5.040000,-0.100081,0.516925,0.629675,-0.092181,0.469379,0.597339,-0.072665,0.471945,0.653221
5.050000,-0.100049,0.516917,0.629754,-0.092117,0.469360,0.597436,-0.072643,0.471945,0.653316
5.060000,-0.100010,0.516909,0.629839,-0.092041,0.469357,0.597516,-0.072623,0.471939,0.653415
5.070000,-0.099943,0.516912,0.629927,-0.091970,0.469361,0.597592,-0.072600,0.471933,0.653503
5.080000,-0.099905,0.516900,0.629985,-0.091894,0.469337,0.597668,-0.072561,0.471936,0.653594
5.090000,-0.099861,0.516899,0.630040,-0.091812,0.469347,0.597745,-0.072536,0.471942,0.653678
5.100000,-0.099832,0.516907,0.630087,-0.091743,0.469359,0.597824,-0.072517,0.471956,0.653753
5.110000,-0.099800,0.516908,0.630123,-0.091674,0.469355,0.597868,-0.072505,0.471961,0.653829
5.120000,-0.099785,0.516912,0.630156,-0.091626,0.469371,0.597927,-0.072481,0.471983,0.653880
5.130000,-0.099776,0.516927,0.630172,-0.091579,0.469384,0.597968,-0.072469,0.472006,0.653925
5.140000,-0.099772,0.516919,0.630190,-0.091545,0.469385,0.597989,-0.072460,0.472034,0.653956
5.150000,-0.099766,0.516945,0.630194,-0.091505,0.469397,0.598017,-0.072452,0.472055,0.653986
5.160000,-0.099761,0.516948,0.630207,-0.091470,0.469403,0.598037,-0.072433,0.472073,0.654019
5.170000,-0.099758,0.516950,0.630214,-0.091433,0.469401,0.598066,-0.072421,0.472099,0.654050
5.180000,-0.099753,0.516966,0.630232,-0.091390,0.469419,0.598092,-0.072416,0.472112,0.654078
5.190000,-0.099757,0.516960,0.630252,-0.091367,0.469434,0.598108,-0.072409,0.472138,0.654108
5.200000,-0.099768,0.516965,0.630275,-0.091333,0.469458,0.598130,-0.072402,0.472163,0.654133
5.210000,-0.099776,0.516977,0.630294,-0.091301,0.469475,0.598160,-0.072390,0.472191,0.654168
5.220000,-0.099777,0.516977,0.630320,-0.091263,0.469482,0.598197,-0.072375,0.472209,0.654199
5.230000,-0.099769,0.516983,0.630351,-0.091210,0.469498,0.598223,-0.072359,0.472223,0.654237
5.240000,-0.099756,0.516979,0.630391,-0.091161,0.469508,0.598269,-0.072326,0.472235,0.654299
5.250000,-0.099732,0.516973,0.630429,-0.091099,0.469501,0.598309,-0.072293,0.472238,0.654346
5.260000,-0.099691,0.516951,0.630472,-0.091026,0.469491,0.598358,-0.072255,0.472223,0.654402
5.270000,-0.099647,0.516922,0.630518,-0.090917,0.469417,0.598424,-0.072205,0.472198,0.654467
5.280000,-0.099567,0.516915,0.630592,-0.090823,0.469402,0.598478,-0.072148,0.472178,0.654539
5.290000,-0.099492,0.516872,0.630635,-0.090714,0.469371,0.598529,-0.072082,0.472138,0.654601
5.300000,-0.099407,0.516827,0.630691,-0.090594,0.469324,0.598583,-0.072009,0.472067,0.654684
5.310000,-0.099300,0.516786,0.630727,-0.090468,0.469273,0.598641,-0.071924,0.472016,0.654754
5.320000,-0.099212,0.516734,0.630769,-0.090340,0.469241,0.598698,-0.071851,0.471970,0.654827
5.330000,-0.099113,0.516680,0.630805,-0.090197,0.469196,0.598748,-0.071750,0.471942,0.654914
5.340000,-0.099002,0.516616,0.630851,-0.090065,0.469142,0.598794,-0.071671,0.471903,0.654975
5.350000,-0.098881,0.516566,0.630898,-0.089927,0.469111,0.598846,-0.071588,0.471837,0.655049
5.360000,-0.098757,0.516510,0.630929,-0.089767,0.469022,0.598901,-0.071491,0.471794,0.655115
5.370000,-0.098643,0.516447,0.630950,-0.089623,0.468976,0.598928,-0.071401,0.471723,0.655165
5.380000,-0.098506,0.516394,0.630980,-0.089462,0.468898,0.598943,-0.071311,0.471665,0.655197
5.390000,-0.098380,0.516342,0.630968,-0.089326,0.468834,0.598966,-0.071224,0.471574,0.655228
5.400000,-0.098255,0.516284,0.630945,-0.089206,0.468776,0.598958,-0.071146,0.471526,0.655230
5.410000,-0.098162,0.516235,0.630906,-0.089094,0.468729,0.598949,-0.071080,0.471478,0.655233
5.420000,-0.098063,0.516184,0.630863,-0.088989,0.468681,0.598920,-0.071019,0.471435,0.655221
5.430000,-0.097987,0.516147,0.630812,-0.088882,0.468640,0.598890,-0.070962,0.471389,0.655201
5.440000,-0.097921,0.516111,0.630768,-0.088794,0.468595,0.598864,-0.070914,0.471365,0.655182
5.450000,-0.097855,0.516091,0.630714,-0.088704,0.468571,0.598834,-0.070867,0.471341,0.655167
5.460000,-0.097814,0.516065,0.630660,-0.088620,0.468535,0.598804,-0.070830,0.471341,0.655147
5.470000,-0.097776,0.516050,0.630604,-0.088532,0.468487,0.598774,-0.070805,0.471330,0.655122
